date,channel,campaign_id,impressions,clicks,cost
2025-01-01,Google,1001,1000,50,25
2025-01-01,Facebook,1002,800,40,30
2025-01-01,Yandex,1003,500,20,15
2025-01-02,Google,1001,1200,60,28
2025-01-02,Facebook,1002,700,25,20
2025-01-02,Yandex,1003,600,15,12
2025-01-03,Google,1001,900,30,18
2025-01-03,Facebook,1002,750,35,22
2025-01-03,Yandex,1003,400,10,8
